Binomial,Range_km_2_old,AdultBodyMassG,RedListStatus,TrophicLevel,total_pop,pop_density,label
Alces alces,23096275.4894132,461900.8,LC,Herbivore,2100000,0.090923750929564,Entire range
Lynx rufus,9879514.31154415,6374.47,LC,Carnivore,3500000,0.354268427539021,Entire range
Macropus fuliginosus,1607057.79460639,25564.7,LC,Herbivore,5000000,3.11127578409501,Entire range
Macropus giganteus,2231134.33205196,33409.89,LC,Herbivore,22000000,9.86045514335605,Entire range
Macropus robustus,6349650.73611072,25978.92,LC,Herbivore,4500000,0.708700397394823,Entire range
Macropus rufus,5360863.41812077,38968.39,LC,Herbivore,12000000,2.23844538912102,Entire range
Odocoileus hemionus,6340068.20668366,84560.57,LC,Herbivore,6000000,0.946362058640764,Entire range
Odocoileus virginianus,14410636.173692,75901.25,LC,Herbivore,41000000,2.84512075010604,Entire range
Philantomba monticola,6383787.67223488,4896.05,LC,Omnivore,7000000,1.0965276978815,Entire range
Procyon lotor,11684834.8676303,6373.72,LC,Omnivore,40000000,3.42324050387819,Entire range
Acerodon jubatus,144169.519757211,1087.04,EN,Herbivore,10000,0.069362789144616,Entire range
Acinonyx jubatus,2943299.89412248,50577.92,VU,Carnivore,10011,0.003401284395107,Entire range
Addax nasomaculatus,33784.5177430542,96077.36,CR,Herbivore,77.9422863405995,0.002307041554755,Entire range
Aepyceros melampus,3359993.74112893,52591.69,LC,Herbivore,3000000,0.892858806038141,Entire range
Ailuropoda melanoleuca,25709.6001269284,118000,VU,Herbivore,1864,0.072502100024793,Entire range
Alcelaphus buselaphus,6759382.24430768,160937.9,LC,Herbivore,362000,0.053555189944296,Entire range
Ammodorcas clarkei,83716.8585361551,28049.81,VU,Herbivore,4200,0.050169106598597,Entire range
Ammotragus lervia,1416968.01436395,94202.22,VU,Herbivore,10606.6017177982,0.007485420708356,Entire range
Antechinomys laniger,2438408.59999749,25.57,LC,Insectivore,67082.0393249937,0.027510581829913,Entire range
Antechinus bellus,20577.8337492308,38.73,VU,Carnivore,37723.002890488,1.83318629891731,Entire range
Antidorcas marsupialis,1950012.8546253,33571.24,LC,Herbivore,2236067.97749979,1.14669396778385,Entire range
Antilocapra americana,2007736.6028278,47450.01,LC,Herbivore,1000000,0.498073302340331,Entire range
Antilope cervicapra,1754050.80102145,36301.1,LC,Herbivore,52500,0.029930718066676,Entire range
Aplodontia rufa,245471.869999823,806.21,LC,Herbivore,100000,0.407378654018777,Entire range
Aproteles bulmerae,48.1553274876945,623.91,CR,Herbivore,222.081066279861,4.61176525767811,Entire range
Axis kuhlii,63.7977948471071,54999.99,CR,Herbivore,474.341649025257,7.43507906757636,Entire range
Babyrousa togeanensis,533.083881183806,85000,EN,Omnivore,750,1.40690804294156,Entire range
Bdeogale omnivora,28493.0086532354,2281.713333,VU,Insectivore,11832.1595661992,0.415265362468335,Entire range
Beatragus hunteri,10578.2524354372,79132.17,CR,Herbivore,335.410196624968,0.031707524345075,Entire range
Bettongia gaimardi,29087.3704327375,1667.55,NT,Herbivore,47434.1649025257,1.63074778492659,Entire range
Bettongia lesueur,327.757979034549,1447.27,NT,Omnivore,21750,66.3599405392578,Entire range
Bettongia penicillata,4058.27273191959,1184.35,CR,Herbivore,22045.4076850486,5.43221442749635,Entire range
Bettongia tropica,315.835889087624,1256.58,EN,Omnivore,10606.6017177982,33.5826360596264,Entire range
Bison bison,140673.06663972,624577.1,NT,Herbivore,31000,0.220369120688857,Entire range
Bos gaurus,1370086.93019976,721000,VU,Herbivore,22912.8784747792,0.016723667651832,Entire range
Bos javanicus,156359.584953372,635974.3,EN,Herbivore,8000,0.051164116369237,Entire range
Bos mutus,469488.30631726,650000,VU,Herbivore,12989.731521475,0.027667848904201,Entire range
Boselaphus tragocamelus,2289610.03846483,182253,LC,Herbivore,137000,0.059835516834062,Entire range
Brachyteles arachnoides,86274.5405965034,10537.31,EN,Herbivore,1300,0.015068176440138,Entire range
Brachyteles hypoxanthus,96658.1964197892,13500,CR,Herbivore,1282.5,0.013268403999906,Entire range
Bubalus depressicornis,101169.816336731,256989.3,EN,Herbivore,3750,0.037066391299146,Entire range
Bubalus mindorensis,71.8611631531479,254389.7,CR,Herbivore,430,5.98376064528206,Entire range
Bubalus quarlesi,70025.7556163257,181718.9,EN,Herbivore,75,0.001071034497806,Entire range
Burramys parvus,1197.79120446926,44.27,CR,Omnivore,3375,2.81768641095964,Entire range
Caenolestes condorensis,78.682885895177,47.81,VU,NotAssigned,1500,19.0638660864363,Entire range
Callicebus barbarabrownae,129709.387098173,1050,CR,Omnivore,390,0.003006721477335,Entire range
Callicebus coimbrai,38585.3575106214,1050,EN,Omnivore,707.106781186547,0.018325780213178,Entire range
Camelus ferus,202139.475313992,268000,CR,Herbivore,1425,0.007049587903533,Entire range
Canis lupus,51172690.2050336,31756.51,LC,Carnivore,223606.797749979,0.00436965101608,Entire range
Canis simensis,6131.38304685596,14361.86,EN,Carnivore,295.5,0.048194672840009,Entire range
Capra caucasica,11887.331982021,58149.52,EN,Herbivore,5477.22557505167,0.460761555522778,Entire range
Capra cylindricornis,22359.3358598194,50000,NT,Herbivore,39230.090491866,1.75452843223148,Entire range
Capra falconeri,18585.9383320967,54303.37,NT,Herbivore,9700,0.52189993459995,Entire range
Capra ibex,2142.09882131455,69546.83,LC,Herbivore,47130,22.0017860665633,Entire range
Capra pyrenaica,52244.3816457298,60898.77,LC,Herbivore,75000,1.43556106202149,Entire range
Capra sibirica,1562756.11353715,130000,LC,Herbivore,244427.577022316,0.156408012040393,Entire range
Capra walie,844.923837794699,100144,EN,Herbivore,500,0.591769314149107,Entire range
Capreolus capreolus,6440259.52946593,22502.01,LC,Herbivore,22500000,3.49364802723499,Entire range
Capreolus pygargus,11998106.1701476,41371.03,LC,Herbivore,1000000,0.083346487005432,Entire range
Capricornis crispus,139676.39988537,43030.64,LC,Herbivore,150000,1.07391084050779,Entire range
Caprolagus hispidus,114548.273108796,2496.99,EN,Herbivore,219,0.001911857717768,Entire range
Catopuma badia,268234.064586005,3429.52,EN,NA,3300,0.012302687971766,Entire range
Cavia intermedia,0.293728902622057,566.7175,CR,Herbivore,56.9209978830309,193.787527801687,Entire range
Cephalophus adersi,5017.95911472716,9249.95,VU,Herbivore,20000,3.98568412829475,Entire range
Cephalophus callipygus,745835.020891764,19079.23,LC,Omnivore,382000,0.512177612071982,Entire range
Cephalophus dorsalis,3569429.30901229,20000,NT,Omnivore,725000,0.203113701725226,Entire range
Cephalophus jentinki,59693.1003357468,68489.54,EN,Omnivore,3000,0.050257064604223,Entire range
Cephalophus leucogaster,1003258.28025858,13208.69,NT,Omnivore,287000,0.286067910574362,Entire range
Cephalophus natalensis,897289.182924264,12724.51,LC,Omnivore,42000,0.046807652203186,Entire range
Cephalophus niger,761614.567579489,19094.32,LC,Omnivore,100000,0.131300009554456,Entire range
Cephalophus nigrifrons,3191995.27028307,14676.33,LC,Omnivore,300000,0.093985101667583,Entire range
Cephalophus ogilbyi,437958.932601986,18386.42,LC,Omnivore,35000,0.079916168833592,Entire range
Cephalophus rufilatus,2928977.47840118,12114.57,LC,Omnivore,170000,0.058040733072757,Entire range
Cephalophus silvicultor,6159623.64753685,62006.6,NT,Omnivore,160000,0.025975612984729,Entire range
Cephalophus spadix,6572.388585527,56857.02,EN,Herbivore,2250,0.34234129201592,Entire range
Cephalophus weynsi,1484365.37367421,17000,LC,Omnivore,188000,0.126653452939722,Entire range
Cephalophus zebra,58893.254838263,15654.75,VU,Omnivore,15000,0.254698098130153,Entire range
Ceratotherium simum,1220052.10931979,2285939,NT,Herbivore,20170,0.016532080757801,Entire range
Cercopithecus dryas,1361.544808615,2784.06,CR,Herbivore,200,0.146891970601721,Entire range
Cervus albirostris,747331.83001759,109666.7,VU,NA,7000,0.009366655773026,Entire range
Cervus canadensis,10322896.2906743,240867.1,LC,NA,1000000,0.096872037831417,Entire range
Cervus elaphus,3693145.60233818,240867.1,LC,Herbivore,2435500,0.659464928341318,Entire range
Cervus hanglu,47592.6185372994,240867.1,LC,NA,2700,0.056731486583029,Entire range
Chalinolobus neocaledonicus,16389.2142206608,10.17,EN,Insectivore,1500,0.091523606916374,Entire range
Chinchilla lanigera,24492.7967208623,480.28,EN,Herbivore,8025,0.327647352462796,Entire range
Choeropsis liberiensis,139545.002305839,227500,EN,Herbivore,3353.43107876097,0.024031180073445,Entire range
Chrysocyon brachyurus,4335910.27706432,23325,NT,Omnivore,25500,0.005881118005344,Entire range
Coleura seychellensis,227.694579837436,10.64,CR,Insectivore,106.066017177982,0.465825832365921,Entire range
Conilurus penicillatus,16145.2314108027,175.02,VU,Omnivore,75000,4.64533447007874,Entire range
Connochaetes gnou,403590.64805815,156547.5,LC,Herbivore,12094.5,0.029967245421052,Entire range
Connochaetes taurinus,3087760.39030925,198619.7,LC,Herbivore,1550000,0.501981955874745,Entire range
Crocuta crocuta,14471905.1423697,63369.98,LC,Carnivore,35623.0262611138,0.002461529833886,Entire range
Cryptoprocta ferox,442881.074197477,9500,VU,Carnivore,7151.32138139519,0.016147272480211,Entire range
Cuon alpinus,3444017.91678751,15800,EN,Carnivore,6873.86354243375,0.001995884954294,Entire range
Cynogale bennettii,1090109.40684715,4246.57,EN,Omnivore,3735,0.00342626159956,Entire range
Cynomys ludovicianus,1820824.73589671,797.05,LC,Herbivore,11052000,6.0697769434449,Entire range
Cynomys parvidens,8276.42211218784,899.98,EN,Omnivore,12000,1.44990188240023,Entire range
Damaliscus lunatus,1840650.54845633,136000.3,LC,Herbivore,300000,0.162985853154797,Entire range
Damaliscus pygargus,395523.694509825,77784.55,LC,Herbivore,240987.032846168,0.609285957304846,Entire range
Dasycercus cristicauda,114850.907654436,99.54,NT,Carnivore,27000,0.235087388958542,Entire range
Dasyuroides byrnei,71511.1830036305,109.47,VU,Carnivore,7500,0.104878701274166,Entire range
Dasyurus geoffroii,188679.587142825,1106.62,NT,Insectivore,20124.6117974981,0.106660249273623,Entire range
Dasyurus maculatus,464968.773942875,3284.15,NT,Omnivore,21000,0.045164323233844,Entire range
Dasyurus viverrinus,63883.697019599,1101.49,EN,Omnivore,16431.6767251549,0.257212363901134,Entire range
Dendrolagus lumholtzi,7383.08232116359,6649.97,NT,Herbivore,25980.7621135332,3.51895874695307,Entire range
Dendrolagus matschiei,12712.4964374169,8293.4,EN,Herbivore,3750,0.294985333404897,Entire range
Dicerorhinus sumatrensis,8510.94988941654,1046156,CR,Herbivore,234.520787991172,0.027555183738398,Entire range
Diceros bicornis,5299790.75394198,995940.5,CR,Herbivore,4880,0.00092079107017,Entire range
Diplogale hosei,100926.109775774,1450,VU,Insectivore,14000,0.138715343642032,Entire range
Dipodomys gravipes,5681.97734158051,83.96,CR,Omnivore,10.5,0.001847948235056,Entire range
Dorcatragus megalotis,50718.4823485249,10918.12,VU,Herbivore,10500,0.207025122081662,Entire range
Elaphodus cephalophus,1933559.5319406,23087.87,NT,Herbivore,387298.334620741,0.200303289463259,Entire range
Elephas maximus,598732.115858361,3269794,EN,Herbivore,46557.56,0.077760251649861,Entire range
Enhydra lutris,2026050.49637606,27410.93,EN,Insectivore,125831,0.062106546813651,Entire range
Equus africanus,67426.8566978906,250000,CR,Herbivore,204.939015319192,0.00303942709709,Entire range
Equus grevyi,90832.5233724173,408000.3,EN,Herbivore,2680,0.02950485025074,Entire range
Equus hemionus,348637.934789146,235248.1,NT,Herbivore,55000,0.157756785799181,Entire range
Equus kiang,1785558.5758826,281138.6,LC,Herbivore,97211.1104761179,0.054442969157742,Entire range
Equus quagga,2314214.44194438,400000,NT,Herbivore,500000,0.21605603652698,Entire range
Eudorcas albonotata,128521.800814602,25000,LC,Herbivore,278000,2.16305714857689,Entire range
Eudorcas rufifrons,2197974.49583682,26999.77,VU,Herbivore,12000,0.005459571993546,Entire range
Eudorcas thomsonii,157281.76645321,22907.43,NT,Herbivore,550000,3.49690884329952,Entire range
Eudorcas tilonura,93843.8522145892,22907.43,EN,NA,2958.03989154981,0.031520870272735,Entire range
Eulemur cinereiceps,1817.01881439238,2250,CR,Herbivore,7265,3.99830752574207,Entire range
Eumops floridanus,999.178864966073,38.47,VU,Insectivore,5809.47501931113,5.8142493031099,Entire range
Eupetaurus cinereus,32782.5593683105,2500,EN,Herbivore,1732.05080756888,0.052834520578744,Entire range
Felis bieti,620424.636016717,5486.95,VU,NA,14998.5,0.024174571945263,Entire range
Felis margarita,1897612.63351096,2823.36,LC,Carnivore,40896,0.021551289909118,Entire range
Felis nigripes,1948153.23478158,1362.77,VU,Carnivore,13867,0.007118023239868,Entire range
Galidictis grandidieri,995.714670690228,1400,EN,Carnivore,236.631174558168,0.237649581274258,Entire range
Gazella arabica,217985.237080953,24124.67,VU,Herbivore,8874.11967464943,0.040709727839752,Entire range
Gazella bennettii,2764527.78369678,18916.67,LC,Herbivore,88741.1967464942,0.032099947509961,Entire range
Gazella gazella,14514.1669062934,21306.83,EN,Herbivore,3000,0.206694605303125,Entire range
Gazella leptoceros,604286.089863442,24645.75,EN,Herbivore,636.396103067892,0.001053137104665,Entire range
Gazella marica,2613934.18599837,26981.37,VU,NA,2909.57471119062,0.001113101747847,Entire range
Gazella subgutturosa,7107800.19542307,26981.37,VU,Herbivore,68047.7773332825,0.009573676167361,Entire range
Genetta bourloni,146864.613721211,1865.378167,VU,Carnivore,14775,0.100602858821029,Entire range
Genetta cristata,100907.24447825,1863.23,VU,Carnivore,10500,0.104055958066155,Entire range
Genetta piscivora,223601.457153828,1648.05,NT,Insectivore,15000,0.067083641542106,Entire range
Geocapromys ingrahami,8.3227229598518,733.52,VU,Herbivore,13000,1561.98879413757,Entire range
Giraffa camelopardalis,1821654.57511861,964654.7,VU,Herbivore,97562,0.05355680562746,Entire range
Gorilla beringei,47439.3459481711,149325.2,CR,Herbivore,3800,0.080102284802822,Entire range
Gorilla gorilla,696516.80102864,112589,CR,Herbivore,320000,0.45942897504757,Entire range
Gymnobelideus leadbeateri,3023.86145686265,137.32,CR,Omnivore,3750,1.24013618133509,Entire range
Hapalemur alaotrensis,216.327761671371,1616.83,CR,Herbivore,2500,11.5565380082738,Entire range
Hapalemur aureus,2392.79460469491,1562.41,CR,Herbivore,630,0.263290463278325,Entire range
Hippocamelus antisensis,424712.964288433,68599.35,VU,Herbivore,18186.5334794732,0.042820763689055,Entire range
Hippocamelus bisulcus,127327.18996061,69240.81,EN,Herbivore,1880.6913622389,0.014770540077266,Entire range
Hippopotamus amphibius,1233077.31328872,1536310,VU,Herbivore,122270.192606375,0.099158577721514,Entire range
Hipposideros halophyllus,23215.6525685156,4,VU,Insectivore,7499.62499062453,0.323041748169306,Entire range
Hipposideros hypophyllus,6665.2179384479,21.81,CR,Insectivore,259.807621135332,0.03897961380027,Entire range
Hipposideros inornatus,6625.21017608947,25.9,VU,Insectivore,821.17294159026,0.123946700521878,Entire range
Hippotragus equinus,5571097.58610412,264174,LC,Herbivore,76000,0.013641836070071,Entire range
Hippotragus niger,3013918.72337113,236405.9,LC,Herbivore,75000,0.024884546294636,Entire range
Hoolock leuconedys,281215.43798184,6709.768933,VU,Omnivore,22711.3055547232,0.080761233158863,Entire range
Hyaena hyaena,23460487.0039514,35070.51,NT,Omnivore,10606.0713744534,0.000452082319206,Entire range
Hyemoschus aquaticus,2448578.76731065,10850,LC,Herbivore,278000,0.11353524898255,Entire range
Hylobates klossii,6004.4802735115,5822.29,EN,Omnivore,33541.0196624969,5.58599880999886,Entire range
Hylobates moloch,39231.9707802981,5860.81,EN,Herbivore,6708.20393249937,0.170988196592667,Entire range
Hylobates pileatus,121613.228591164,5542.37,EN,Omnivore,70500,0.579706671853971,Entire range
Hypogeomys antimena,333.319306430515,1175.93,EN,Omnivore,54000,162.006817361649,Entire range
Indri indri,30053.4511697114,8565.48,CR,Herbivore,3162.27766016838,0.105221781096322,Entire range
Isoodon auratus,20997.7702244892,425,VU,Insectivore,45000,2.14308469513194,Entire range
Isoodon obesulus,203133.138500773,824.76,LC,Insectivore,47434.1649025257,0.233512686569086,Entire range
Kobus ellipsiprymnus,8949699.48919013,204393.5,LC,Herbivore,200000,0.02234711905596,Entire range
Kobus kob,2985582.86824175,80035.21,LC,Herbivore,1060660.17177982,0.355260670558596,Entire range
Kobus leche,188733.152466513,88645.04,NT,Herbivore,158750,0.841134681031552,Entire range
Kobus vardonii,338174.738172402,71462.72,NT,Herbivore,130000,0.384416650109819,Entire range
Lagorchestes hirsutus,89.1200060501315,1407.14,VU,Herbivore,6000,67.3249505461759,Entire range
Lagostrophus fasciatus,89.1199959555848,1933.48,VU,Herbivore,6363.96103067894,71.4089016998002,Entire range
Lama guanicoe,1658710.89204,120000,LC,Herbivore,1816590.2124585,1.09518193988847,Entire range
Lasiorhinus krefftii,91.2146779997775,31849.99,CR,Herbivore,120,1.31557774068218,Entire range
Lasiorhinus latifrons,68207.8859651199,26163.8,NT,Herbivore,270000,3.95848656177487,Entire range
Leontopithecus caissara,334.964064224864,604.01,CR,Omnivore,400,1.19415794922848,Entire range
Leontopithecus chrysomelas,20189.922608934,572.8,EN,Omnivore,9486.83298050514,0.469879610945474,Entire range
Leontopithecus chrysopygus,63670.7850537516,656.12,EN,Omnivore,1500,0.023558685490271,Entire range
Leontopithecus rosalia,3990.55196776202,592.52,EN,Omnivore,1500,0.375887850131477,Entire range
Leopardus guigna,317792.209873399,2200,VU,Carnivore,35200.8218654053,0.110766786509425,Entire range
Leopardus guttulus,2146503.74794624,2250,VU,NA,9070.5,0.004225708903923,Entire range
Leopardus jacobita,612427.861162025,8133.78,EN,Carnivore,2755,0.004498489005338,Entire range
Leopardus tigrinus,9389953.0676865,2250,VU,Carnivore,14323.0644765706,0.00152536060333,Entire range
Lepilemur jamesorum,64.4373302184486,726.98875,CR,Herbivore,1386,21.5092710281653,Entire range
Lepilemur septentrionalis,141.553444664762,755.77,CR,Herbivore,10.6066017177982,0.074930014899444,Entire range
Leporillus conditor,4.71339184877658,328.82,NT,Herbivore,5196.15242270664,1102.4231783435,Entire range
Liberiictis kuhni,74349.7153485591,1825.47,VU,Insectivore,7800,0.104909614830841,Entire range
Litocranius walleri,1418356.35073576,38804.37,NT,Herbivore,95000,0.066978936535039,Entire range
Lonchophylla dekeyseri,28619.1791107618,14.12333333,EN,Omnivore,2500,0.087354007965236,Entire range
Lonchorhina fernandezi,105607.866961094,14.03,EN,Insectivore,225,0.002130523099031,Entire range
Loxodonta africana,2110665.18498986,3824540,VU,Herbivore,541683.5,0.256641130887182,Entire range
Lycalopex fulvipes,11426.0286420536,3085,EN,NA,733.5,0.064195533109408,Entire range
Lycaon pictus,1272642.74600664,21999.99,EN,Carnivore,6600,0.00518605871185,Entire range
Lynx pardinus,1191.69167401818,11050,EN,Carnivore,234,0.196359515721876,Entire range
Macaca cyclopis,24554.5589881443,5748.94,LC,Omnivore,10000,0.407256347174808,Entire range
Macaca maura,4790.63200959432,7290.3,EN,Omnivore,3872.98334620742,0.808449352496894,Entire range
Macaca pagensis,2140.85262336304,4534.66,CR,Herbivore,2787.47197295327,1.30203823585692,Entire range
Macaca siberu,3863.62765014846,7500,VU,Herbivore,22583.1795812724,5.84507142669523,Entire range
Macaca sylvanus,41517.4432911962,11471.53,EN,Herbivore,15000,0.361293923972933,Entire range
Macroderma gigas,1078953.52974692,124.37,VU,Carnivore,11905.8808997907,0.011034655869362,Entire range
Macrogalidia musschenbroekii,34097.0519756861,5148.86,VU,Omnivore,13500,0.395928657105798,Entire range
Macropus eugenii,14879.4054664262,5278.48,LC,Herbivore,33541.0196624969,2.25419085044618,Entire range
Macropus irma,152879.44996836,8000,LC,Herbivore,33541.0196624969,0.219395214134002,Entire range
Macrotis lagotis,1077479.5480748,1229.58,VU,Herbivore,11618.9500386223,0.010783452975402,Entire range
Madoqua guentheri,1270987.09731536,4623.7,LC,Herbivore,511000,0.402049714807774,Entire range
Madoqua kirkii,1336496.83794007,4833.4,LC,Herbivore,971000,0.726526223209472,Entire range
Madoqua piacentinii,56979.3484691146,2500,NA,Herbivore,30000,0.526506546775651,Entire range
Madoqua saltiana,1098767.26978426,3424.47,LC,Herbivore,485600,0.441949822636549,Entire range
Marmota caudata,547910.242500489,4350,LC,Herbivore,600000,1.09506987360154,Entire range
Marmota menzbieri,2790.42722027787,3250,VU,Herbivore,22000,7.88409740276588,Entire range
Marmota olympus,5368.55661787667,6299.99,LC,Herbivore,4242.64068711928,0.790275857945091,Entire range
Marmota vancouverensis,2075.02121148846,5232.43,CR,Herbivore,108.16653826392,0.052127919302728,Entire range
Martes gwatkinsii,30613.0263082874,2038.49,VU,Omnivore,1500,0.048998749254461,Entire range
Mastacomys fuscus,62933.0661913331,125.72,NT,Herbivore,67082.0393249937,1.0659267597267,Entire range
Mazama bororo,19498.6330790573,18335.81714,VU,Herbivore,12750,0.653891990700326,Entire range
Mesembriomys gouldii,237211.175760961,716.49,VU,Omnivore,45000,0.189704384102656,Entire range
Mesocapromys auritus,83.0126827169791,1533.200179,EN,Omnivore,1334.91572767722,16.0808648026524,Entire range
Microcebus berthae,546.444861883062,33.45,EN,Omnivore,12000,21.9601296252429,Entire range
Microtus abbreviatus,329.121431231776,66.06,LC,Herbivore,465530.820461975,1414.46522859259,Entire range
Microtus breweri,1.89492690406442,54,VU,Herbivore,5477.22557505167,2890.46799816056,Entire range
Microtus tatricus,18330.8933405179,40,LC,Herbivore,223606.797749979,12.1983579084892,Entire range
Mirza zaza,9803.19303065608,326.5,EN,Insectivore,54117.9267895583,5.52043876115907,Entire range
Muntiacus crinifrons,113889.540854352,18590.01,VU,Herbivore,7713.62431027076,0.067728996468037,Entire range
Mustela felipei,57459.898351403,211.3,VU,Carnivore,2000,0.034806883711641,Entire range
Myotis grisescens,853015.925472626,10.84,NT,Insectivore,2000000,2.34462211111928,Entire range
Myotis planiceps,12295.1770420058,9.597169811,EN,Insectivore,360,0.029279773586837,Entire range
Myrmecobius fasciatus,1128.01036910752,511.44,EN,Insectivore,1200,1.06382000809925,Entire range
Myzopoda aurita,107290.249959933,9.1,LC,Insectivore,172867.226948892,1.61121096291087,Entire range
Myzopoda schliemanni,36338.9856378039,9.1,LC,Insectivore,136437.491649107,3.75457622865426,Entire range
Nanger dama,204791.993367749,71424.81,CR,Herbivore,212.132034355963,0.001035841445105,Entire range
Nanger soemmerringii,290635.22042267,41582.93,VU,Herbivore,6708.20393249937,0.02308118032888,Entire range
Neofelis diardi,510006.384690234,22500,VU,Carnivore,6750,0.013235128427068,Entire range
Neotragus batesi,802403.340648131,2967.45,LC,Herbivore,219000,0.272930070085583,Entire range
Neotragus pygmaeus,443521.673009673,3913.68,LC,Herbivore,62000,0.139790237485526,Entire range
Nesotragus moschatus,1370656.72786215,6499,LC,Herbivore,365000,0.266295705248754,Entire range
Nilgiritragus hylocrius,2096.83664458416,75000,EN,Herbivore,1897.36659610103,0.904870964078993,Entire range
Nomascus concolor,26325.6011742121,6410.47,CR,Herbivore,1612.45154965971,0.061250322034022,Entire range
Nomascus hainanus,164.971896073353,7790,CR,Herbivore,20,0.121232770405374,Entire range
Nomascus nasutus,8311.90179946411,7124.094,CR,Herbivore,68.9836937254016,0.008299387479512,Entire range
Notomys aquilo,2283.39217701814,38.99,EN,Herbivore,15000,6.56917377179961,Entire range
Notomys cervinus,83793.8653114895,34.79,NT,Herbivore,28460.4989415154,0.339648956826593,Entire range
Notoryctes typhlops,921390.418638876,55,LC,Insectivore,47434.1649025257,0.051481070285708,Entire range
Nyctalus azoreum,2237.33325814466,28.97666667,VU,Insectivore,3162.27766016838,1.41341378118642,Entire range
Ochotona iliensis,32973.3741777238,165,EN,Herbivore,1000,0.030327499836992,Entire range
Okapia johnstoni,264220.212685383,230001.1,EN,Herbivore,41833.0013267037,0.158326272246688,Entire range
Onychogalea fraenata,848.876560774641,4952.05,VU,Herbivore,1407.12472794703,1.65763173701364,Entire range
Oreamnos americanus,801852.339187708,72105.4,LC,Herbivore,97570.4873412038,0.12168136522498,Entire range
Oreotragus oreotragus,5218047.64890264,13486.55,LC,Herbivore,42000,0.008048987442426,Entire range
Ornithorhynchus anatinus,900539.932255984,1484.25,NT,Insectivore,103308.705,0.114718627458525,Entire range
Oryx beisa,1048624.70529928,200576.5,NT,Herbivore,47021.27,0.044840894709399,Entire range
Oryx gazella,1766026.91909201,188404.5,LC,Herbivore,373000,0.211208558582887,Entire range
Oryx leucoryx,20909.9452219544,75788.24,VU,Herbivore,1220,0.058345442183132,Entire range
Otocolobus manul,2321211.06170126,3500,NT,Carnivore,20500,0.008831596720453,Entire range
Ourebia ourebi,7496162.12577986,17186.09,LC,Herbivore,750000,0.100051197855059,Entire range
Ovibos moschatus,1591570.60726189,312500,LC,Herbivore,203108.537833839,0.127615160085963,Entire range
Ovis ammon,3583607.69074678,113998.7,NT,Herbivore,93186.6943291799,0.026003598153279,Entire range
Ovis canadensis,532974.923966456,74644.87,LC,Herbivore,62900,0.118016809368613,Entire range
Ovis dalli,816225.065559673,70194.13,LC,Herbivore,113972.584422746,0.139633771654141,Entire range
Ovis nivicola,1369345.47057524,90000,LC,Herbivore,89861.0037780572,0.065623325675666,Entire range
Ozotoceros bezoarticus,468420.532032221,34620.4,NT,Herbivore,40000,0.085393353332447,Entire range
Pan troglodytes,2314277.94913039,45000,EN,Herbivore,402678.531834018,0.173997480287676,Entire range
Panthera leo,1690496.59649912,158623.9,VU,Carnivore,32000,0.018929348965428,Entire range
Panthera onca,9026158.26285303,83943.09,NT,Carnivore,64000,0.007090502751696,Entire range
Panthera tigris,704328.500749519,161914.7,EN,Carnivore,3912.81145725168,0.005555378567086,Entire range
Panthera uncia,3006497.02502128,41000,VU,Carnivore,7500,0.002494597512514,Entire range
Pantholops hodgsonii,1091078.31645566,32733.12,NT,Herbivore,225000,0.206218010757383,Entire range
Parantechinus apicalis,2721.88622718201,71.31,EN,Insectivore,1050,0.385761899051554,Entire range
Pelea capreolus,557077.542006304,22731.33,NT,Herbivore,18000,0.032311480256722,Entire range
Pentalagus furnessi,370.201150094973,2253.25,EN,Herbivore,5000,13.5061708984893,Entire range
Perameles bougainville,89.1200060501315,230.8,VU,Omnivore,3354.10196624968,37.6357915007652,Entire range
Perameles gunnii,31989.7082649322,903.46,VU,Omnivore,37723.005,1.17922316413722,Entire range
Peromyscus mekisturus,98.5660414020877,59.99,CR,Omnivore,10.6066017177982,0.107609086932181,Entire range
Petauroides volans,633491.264568611,1257.17,VU,Herbivore,237170.824512629,0.374386890203033,Entire range
Petaurus australis,231711.032060867,567.15,NT,Omnivore,237170.824512629,1.02356293700478,Entire range
Petrogale concinna,82698.6876694336,1398.2,EN,Herbivore,10606.6017177982,0.128255985877253,Entire range
Petrogale godmani,36293.7937943184,4750,NT,Herbivore,15000,0.41329380127652,Entire range
Petrogale lateralis,112824.105547161,4567.88,VU,Herbivore,10954.4511501033,0.097093179662074,Entire range
Petrogale mareeba,19944.2132746447,4644.155385,NT,Herbivore,15000,0.75209785382057,Entire range
Petrogale penicillata,101649.674097244,6931.6,VU,Herbivore,21213.2034355964,0.208689340364266,Entire range
Petrogale purpureicollis,80361.1554311243,4500,NT,Herbivore,12500,0.155547788392782,Entire range
Petrogale sharmani,16921.7116445296,4644.155385,VU,Herbivore,800,0.047276541333726,Entire range
Phalanger matanim,153.144784037706,1442.38,CR,Omnivore,60,0.391786115191669,Entire range
Phascogale tapoatafa,272010.809938636,192.65,NT,Omnivore,22500,0.082717300849462,Entire range
Phascolarctos cinereus,1084790.32837671,6528.74,VU,Herbivore,423964.621165493,0.390826328438896,Entire range
Philantomba maxwellii,872151.170574504,8557.69,LC,Omnivore,2137000,2.45026329391075,Entire range
Phyllonycteris aphylla,215.185973097491,14.15,CR,Herbivore,375,1.74267864490454,Entire range
Piliocolobus gordonorum,5829.77659778458,3977.86,EN,NA,15400,2.64161065894914,Entire range
Pipistrellus maderensis,4203.79249060137,5.93375,VU,Insectivore,47.4104418878373,0.011278016694172,Entire range
Poiana leightoni,48683.2941612329,570.08,VU,Omnivore,12278.0291578087,0.252202102781817,Entire range
Pongo abelii,17958.8009150854,39696.12,CR,Omnivore,13846,0.770986886344362,Entire range
Pongo pygmaeus,226358.938971497,53408.29,CR,Omnivore,104700,0.462539718889493,Entire range
Porcula salvania,881.678591612102,9200,CR,Omnivore,474.341649025257,0.537998374393949,Entire range
Potorous gilbertii,17.1013474332747,1569.46,CR,Herbivore,73.5,4.29790695071129,Entire range
Potorous longipes,4229.45169970166,1835.06,VU,Omnivore,4500,1.06396770066376,Entire range
Potorous tridactylus,125034.953503104,1054.67,NT,Omnivore,112500,0.899748405130628,Entire range
Presbytis chrysomelas,39860.9088891355,6630,CR,Herbivore,353.553390593274,0.008869677095839,Entire range
Presbytis potenziani,6004.4802735115,6449.53,EN,Herbivore,36000,5.99552306946738,Entire range
Prionailurus planiceps,150962.046127487,3533.76,EN,Carnivore,3748.5,0.024830744522596,Entire range
Procapra gutturosa,715733.666772446,28274.27,LC,Herbivore,1000000,1.39716775446576,Entire range
Procapra picticaudata,2394538.33096365,23197.67,NT,Herbivore,150000,0.062642555377109,Entire range
Procapra przewalskii,1076.30104095982,27499.99,EN,Herbivore,1469.08134560343,1.36493535701994,Entire range
Procyon pygmaeus,488.353606631937,2958.03,CR,Omnivore,464.75800154489,0.951683360649714,Entire range
Propithecus coquereli,30814.266153921,4189.27,EN,Herbivore,200000,6.49050017939663,Entire range
Propithecus perrieri,62.3003537979047,6500,CR,Herbivore,500,8.02563660588419,Entire range
Propithecus tattersalli,1721.74102599355,3531.39,CR,Herbivore,7745.96669241483,4.49891509551789,Entire range
Pseudantechinus bilarni,134277.932628743,23.05,LC,Insectivore,17320.5080756888,0.128989981723782,Entire range
Pseudantechinus mimulus,3092.03202720339,17,NT,Insectivore,106.066017177982,0.034303013760797,Entire range
Pseudochirulus cinereus,895.813812064428,977.48,NT,Herbivore,54942.6225222707,61.3326360704954,Entire range
Pseudois nayaur,2858794.5594924,52334.57,LC,Herbivore,209237.902876128,0.073190954621545,Entire range
Pseudomys australis,199918.689081993,52.97,VU,Omnivore,15000,0.075030503995792,Entire range
Pseudomys calabyi,20211.8515320354,13,VU,Omnivore,22500,1.11320825627172,Entire range
Pseudomys fieldi,42.0178268445805,42.35,VU,Omnivore,15000,356.991332642772,Entire range
Pseudomys fumeus,16696.3417503876,68.75,VU,Herbivore,106.066017177982,0.006352650105256,Entire range
Pseudomys novaehollandiae,89951.8843649047,16.8,VU,Omnivore,12000,0.133404653884959,Entire range
Pseudomys oralis,26516.21539562,95,VU,Omnivore,7500,0.282845794096199,Entire range
Pseudomys shortridgei,31488.7223962398,72.06,NT,Omnivore,16500,0.523997124823659,Entire range
Pseudoryx nghetinhensis,13994.9856889855,97842.2,CR,Herbivore,195,0.013933561943795,Entire range
Pteralopex taki,3316.80112381638,452.2333333,VU,Herbivore,821.583836257749,0.247703677606216,Entire range
Pteropus aldabrensis,158.455861341694,310.29,VU,Herbivore,400,2.52436228368631,Entire range
Pteropus dasymallus,2890.66561970342,491.86,VU,Herbivore,6363.96103067892,2.20155558197418,Entire range
Pteropus livingstonii,265.681962487188,734.27,CR,Herbivore,1300,4.89306834318001,Entire range
Pteropus mariannus,1025.73543852882,458.58,EN,Herbivore,10048.8805346665,9.79675670471059,Entire range
Pteropus niger,8827.27722668963,474.43,VU,Herbivore,62500,7.08032594819031,Entire range
Pteropus pselaphon,71.8101639935578,452.5545,EN,Herbivore,346.410161513775,4.82397117969055,Entire range
Pteropus rodricensis,110.931389438466,256.17,EN,Herbivore,30000,270.437431207343,Entire range
Pteropus rufus,185368.314810847,452.5545,VU,Herbivore,450000,2.42759934705771,Entire range
Pteropus seychellensis,2730.91008877769,492.2,LC,Herbivore,10000,3.6617829496085,Entire range
Pygathrix cinerea,24681.1347040006,10050,CR,Herbivore,620.483682299543,0.025139998210818,Entire range
Rangifer tarandus,18660769.8067974,109088.5,VU,Herbivore,2890410,0.154892323839027,Entire range
Raphicerus melanotis,160973.791424353,10503.14,LC,Herbivore,231448,1.43779927124823,Entire range
Raphicerus sharpei,2462567.73168791,9396.9,LC,Herbivore,95000,0.038577619115834,Entire range
Redunca arundinum,4763442.97755547,58059.24,LC,Herbivore,73000,0.015325049621453,Entire range
Reithrodontomys spectabilis,488.275018314581,20.19,CR,Herbivore,152,0.311299972963333,Entire range
Rhinoceros sondaicus,246.042298264833,1750000,CR,Herbivore,82.6498638837354,0.335917297418403,Entire range
Rhinoceros unicornis,551653.739601,1843656,VU,Herbivore,2575,0.004667783094994,Entire range
Rhinopithecus brelichi,502.964472187622,12267.15,EN,Herbivore,750,1.49115900122708,Entire range
Rhinopithecus strykeri,203.43462933845,11452.67,CR,NA,439.374555476304,2.15978251542084,Entire range
Rhinopoma hadramauticum,231.429906136555,9.13,EN,NA,225,0.972216615199416,Entire range
Rhynchocyon chrysopygus,3574.33027384571,535.2,EN,Insectivore,14142.135623731,3.95658334295872,Entire range
Rhynchocyon udzungwensis,320.401942372929,711,VU,Carnivore,18973.6659610103,59.218323773225,Entire range
Romerolagus diazi,452.983991848991,465.58,EN,Herbivore,5480.27006633797,12.0981539413095,Entire range
Rucervus duvaucelii,34612.8495398717,171223.9,VU,Herbivore,4224.92603485553,0.12206235808435,Entire range
Rucervus eldii,83737.1257505429,95471.61,EN,Herbivore,7000,0.083594939965498,Entire range
Rungwecebus kipunji,71.0605736944011,13,CR,Herbivore,1117,15.7189837054188,Entire range
Rupicapra pyrenaica,15121.5424709569,29999.99,LC,Herbivore,75000,4.95981148378535,Entire range
Rupicapra rupicapra,276838.179630046,33266.35,LC,Herbivore,682500,2.46533914112591,Entire range
Rusa alfredi,1689.089830648,46475.04,EN,Herbivore,1050,0.621636564822119,Entire range
Rusa timorensis,11319.645284778,66375.5,VU,Herbivore,14998.5,1.32499734953436,Entire range
Saguinus oedipus,52110.7113012753,462.04,CR,Omnivore,6000,0.115139476130182,Entire range
Saiga tatarica,765808.632666604,37734.01,CR,Herbivore,50000,0.065290462743801,Entire range
Saimiri oerstedii,7301.9925584523,714.18,VU,Omnivore,1529.70585407784,0.209491565738061,Entire range
Santamartamys rufodorsalis,89.5228536773288,148,CR,Herbivore,10.6066017177982,0.11847926291568,Entire range
Sapajus flavius,38931.4359769224,2920,CR,NA,1000,0.025686183283678,Entire range
Sarcophilus harrisii,64284.1346932456,8202.25,EN,Carnivore,23717.0824512628,0.368941459108647,Entire range
Semnopithecus ajax,1520.50350883821,17200,EN,Herbivore,500,0.32883843877614,Entire range
Setonix brachyurus,18067.2360033503,3027.67,VU,Herbivore,17404.3636769634,0.963310806021244,Entire range
Simias concolor,6004.4802735115,7393.9,CR,Herbivore,10766.1506584294,1.79301957338819,Entire range
Sminthopsis leucopus,96976.2979529158,23.36,LC,Carnivore,13416.4078649988,0.138347288442716,Entire range
Sminthopsis psammophila,7619.6092651609,33.5,VU,Carnivore,10606.6017177982,1.39201386169429,Entire range
Spalax giganteus,25404.1760308064,211.245,LC,Herbivore,1000,0.039363606943494,Entire range
Speothos venaticus,11389114.4507876,6324.54,NT,Carnivore,110000,0.009658345297636,Entire range
Sylvicapra grimmia,13576011.1674445,15639.15,LC,Herbivore,4074309.75749268,0.300110960962006,Entire range
Syncerus caffer,8442678.02487984,592666,LC,Herbivore,570996.497362286,0.067632153645989,Entire range
Tapirus bairdii,285333.149045284,293781.6,EN,Herbivore,4500,0.015771038223413,Entire range
Tapirus indicus,89491.8626631381,311209.2,EN,Herbivore,3750,0.04190325118291,Entire range
Tapirus pinchaque,49536.8681523535,156923.4,EN,Herbivore,3750,0.075701192664556,Entire range
Tarsius sangirensis,556.365213370491,165,EN,Insectivore,8908.68508815975,16.0122970920314,Entire range
Tarsius tumpara,230.363062854782,122.6825,CR,NA,4115.126,17.8636537863456,Entire range
Tetracerus quadricornis,2063086.53720503,19282.12,VU,Herbivore,12549.9003980111,0.006083070279259,Entire range
Theropithecus gelada,103851.677171732,15964.11,LC,Herbivore,200000,1.92582349603536,Entire range
Trachypithecus delacouri,6008.39808695761,9000,CR,Herbivore,223.606797749979,0.037215709497572,Entire range
Trachypithecus francoisi,248808.27640877,8139.93,EN,Herbivore,2021.13829314077,0.008123275971014,Entire range
Trachypithecus geei,5685.95383432145,8356,EN,Herbivore,5500,0.967295929629432,Entire range
Trachypithecus poliocephalus,944.695857103232,9000,CR,Herbivore,1218.69438334638,1.29003887778583,Entire range
Tragelaphus angasii,197902.360279171,87616.76,LC,Herbivore,36500,0.184434384453583,Entire range
Tragelaphus buxtoni,6875.03781304169,215000.8,EN,Herbivore,4000,0.58181498178994,Entire range
Tragelaphus derbianus,392963.147827154,663012.125,VU,Herbivore,12961.4813968157,0.03298396164751,Entire range
Tragelaphus eurycerus,2217282.32760896,270998.4,NT,Herbivore,28000,0.012628071604302,Entire range
Tragelaphus imberbis,1488947.7052956,94320.39,NT,Herbivore,118000,0.079250600662683,Entire range
Tragelaphus oryx,6776785.92711146,492500,LC,Herbivore,136000,0.020068510568692,Entire range
Tragelaphus scriptus,12064054.1738248,43250.39,LC,Herbivore,1340000,0.111073771776273,Entire range
Tragelaphus spekii,4392198.82527894,75554.25,LC,Herbivore,155884.572681199,0.035491237733597,Entire range
Tragelaphus strepsiceros,6084589.46386677,206056.4,LC,Herbivore,482000,0.079216519514151,Entire range
Tremarctos ornatus,218254.953210886,123177,VU,Herbivore,15297.0585407784,0.070088024650684,Entire range
Urocyon littoralis,911.163482397,1923,NT,Omnivore,5500,6.03623839876806,Entire range
Uromys hadrourus,635.188032028075,149.11,NT,Omnivore,30000,47.2301090186064,Entire range
Ursus americanus,10469239.7693689,110500,LC,Omnivore,898610,0.085833357511705,Entire range
Ursus arctos,24948801.9605531,196287.5,LC,Omnivore,220000,0.008818058692672,Entire range
Ursus maritimus,22605612.3738671,371703.8,VU,Omnivore,26000,0.001150156853528,Entire range
Vicugna vicugna,743523.486604444,47499.61,LC,Herbivore,525000,0.706097399017741,Entire range
Vulpes pallida,4152381.02216173,2800.01,LC,Omnivore,47433.9277311082,0.011423308091899,Entire range
Wyulda squamicaudata,82875.6353206454,1799.21,NT,Omnivore,10606.6017177982,0.12798214670405,Entire range
Xeromys myoides,12793.2332191969,45.2,VU,Omnivore,23717.0824512628,1.8538771274547,Entire range
Zyzomys maini,21158.5453105801,93.99,VU,Herbivore,30000,1.41786685046816,Entire range
Zyzomys palatalis,2582.42960257045,123,CR,NotAssigned,1500,0.580848360205815,Entire range
Zyzomys pedunculatus,7110.09577105446,100,CR,Herbivore,1200,0.168774097936241,Entire range
